hu_0,hu_1,hu_2,hu_3,hu_4,hu_5,hu_6,label,clase_name,dataset
2.9531513844389923,7.264610957983946,9.738013490959757,10.210825761957697,20.186871907271236,14.037652312348616,21.24880573735181,0,0,2
3.071944039928122,7.673734049311136,10.089436377144654,11.030537210616824,21.59831481832058,15.095735122685634,-22.316993453497368,0,0,2
3.109322265461189,7.459284551286911,10.221676257994778,11.151610908005829,21.8921869654665,14.920540037013145,22.167114851339512,0,0,2
2.736972671588795,6.834501223002597,8.953663804951644,8.960862356511658,18.17730512217148,-12.770903978018936,-17.996552099932792,0,0,2
3.140097427451615,7.435285388728049,9.994673341560935,11.629568855392149,22.703148088950766,15.78400551361352,22.519132869564007,0,0,2
2.9385240089565396,8.08543210974839,12.30542675335183,10.644093401844906,-22.123341095530808,-14.759903931431117,22.963462416724482,0,0,2
3.1192760791108913,7.120246232011752,10.367915391297776,11.975728883161896,23.549901516242052,15.719190960538628,23.184581251991045,0,0,2
2.9512134231110947,6.678434569203376,9.944264002111291,10.249727580476112,20.49998407656955,14.027808632624586,-20.494526947250765,0,0,2
2.9617191997254695,8.218975400059941,10.790443096484683,10.429838683788686,21.057446407517123,-15.496039577522367,-21.595924511354163,0,0,2
3.0970159826173767,7.422618242208024,11.903484931586979,11.366149815174392,23.002990268462003,16.810785258228297,24.017343458805907,0,0,2
2.992203134262896,6.45526960434739,9.812815167541913,10.153256380207788,20.13630094615002,13.417827767437448,22.332626726662863,0,0,2
3.0398519040147125,6.728097639147109,9.831267671119097,10.266763253990272,20.317531029028157,13.723280059433398,21.36322565186606,0,0,2
2.5744279111146375,5.994880251667868,9.753548702223368,9.712800992793095,-20.240683781235003,12.819494942387703,19.451638081562297,0,0,2
2.901706917113755,7.515001743997707,9.023708340910064,10.297329634495863,20.933745316540726,15.31574797048227,19.9602886719649,0,0,2
3.1428572158387813,7.479089196449208,10.010947740655574,12.07168155925986,23.433783232760895,16.03670152378901,-23.1692600340135,0,0,2
2.802956740099008,6.787801599546977,9.124970569954563,9.192515038039732,18.357700773828135,12.587978145396825,-19.11830673364789,0,0,2
3.1397630334545883,7.080959325062839,11.05112561661729,11.787728739080853,23.247282326677094,15.42998860964451,-23.59357171232788,0,0,2
2.743346636636407,5.976502499074428,9.291013864368477,9.4800473959272,19.09511658262858,12.691867906900088,-18.958279268230275,0,0,2
3.1601839406175047,7.462507962419109,11.520969740318131,13.55387897176307,26.16386852597066,-18.24904654921386,26.364329383521294,0,0,2
2.2577758714438225,5.708944475888349,7.794627483811436,7.1654466469872435,15.245796724009729,-10.13804460523374,-14.659615040745472,0,0,2
3.0030498262925143,6.783032101180049,11.170773293781812,10.778912790013033,-21.75376983292466,14.66497770315829,23.84902173240487,0,0,2
3.129739128121291,8.004485342513883,11.224237758971265,11.878041434948615,-23.6385982488985,15.969743650654758,-23.533409518560074,0,0,2
3.0988910314592646,7.3078616358233095,10.380159695698907,11.677914496316234,-23.086474577207927,15.40708865115427,22.748504191631582,0,0,2
3.073013661712551,6.902642113432263,10.797950453134806,10.678624842307547,21.493089026492818,14.206589392872324,21.681354973337093,0,0,2
3.016271030364882,6.313838309922578,11.883567037747579,12.97630746412627,25.71455893767271,-17.218637231219358,-25.46631942911125,0,0,2
3.061980703140937,7.842150759197819,10.219545586206932,10.88059144337484,21.4553661029193,14.858063121451174,-21.914870572727263,0,0,2
2.780450260698063,6.058335747690759,9.69922880384093,10.77646035205035,21.100856385527056,13.843823402792351,-21.255885105637052,0,0,2
3.0890196941028103,7.6989872023680475,10.131869311153613,10.686890214277014,-21.135743949870733,-14.547153492559417,21.485929790415298,0,0,2
3.1523313392390486,7.616234754346433,10.20949558330712,12.398828335724048,-24.01952304737455,17.122846932899844,23.76052825520744,0,0,2
2.8567909698272587,6.355889177448796,9.018270564823968,10.167981328575268,-20.55911004577849,13.54400618564242,-19.766683146202585,0,0,2
3.046713556881252,6.8525358134722305,10.486640522398343,12.09235618019654,23.38805268990795,-15.9234594609299,24.157187772064354,0,0,2
3.157239865998044,8.547412333078524,13.603326353401407,12.520367660249692,-25.70916927511414,-17.594746596247546,-25.75910807812998,0,0,2
3.110636536055922,7.694617962669817,10.448280775036453,11.57864752897338,22.7477849758274,-15.427880617309002,-22.73758803149789,0,0,2
2.8668569874221332,6.106591060511237,9.801683958512516,10.487608045995476,-20.686572296515962,-13.631130949506652,-20.959751603351627,0,0,2
3.0661978638214276,7.674592360999051,10.256306970626765,11.71625665488932,-23.278193815417705,-15.633519279917719,-22.718432722299195,0,0,2
2.8348878892161062,7.482581580432201,10.344701766493744,9.966617386601659,20.157219290477176,13.722303050520901,-20.536215139242227,0,0,2
2.859829353602113,6.6124266068170945,10.275049337858515,12.13195717619099,23.336401206605444,15.719758606972595,-24.5175421640003,0,0,2
3.096346212607026,7.814264327977364,10.187178011340087,11.331955973139026,22.130761475287834,15.543646223289269,22.48236772907456,0,0,2
3.0683575218730046,6.617907750990222,11.126060164083308,12.645889351187966,-24.95306040511935,-17.892492845360923,24.56556152757754,0,0,2
2.9150668948270018,6.76705849990323,9.88283105844467,10.296752956129904,21.325740262514884,13.925584008088613,-20.38943732678579,0,0,2
2.94776016916379,6.257531587322909,10.032244616562954,12.267805775997502,23.767607679745268,15.504932955275876,23.466212923112764,0,0,2
3.0528849963748517,7.830003062257683,10.390744053092163,11.487302700247788,-22.697631313589056,15.411594443822015,22.499682272778976,0,0,2
2.9107833035264075,8.528037995860325,11.944507149189384,10.838095135138552,23.296310980972297,-15.421592462454626,22.23099776365208,0,0,2
2.983952369673183,7.9436587613037,10.148879751516342,10.711708779854957,-21.187866716753277,-14.906375572896625,-21.502174157534412,0,0,2
2.7103984801466683,5.707354382152207,8.860002669827265,8.861051512674639,17.753529843092927,11.741574253457955,18.153491674694752,0,0,2
2.970415520765635,6.476761784188715,11.800853442984415,10.866972345881779,22.44249532806914,-14.114843633727661,22.287422035589774,0,0,2
2.8701881449035316,5.988574667991393,10.92131821620214,11.182422022231531,22.325824983610815,14.177324504073509,-22.466041951682797,0,0,2
3.0683959739928413,7.089669801157314,10.52523237556663,10.736002881983909,-23.00183034377536,14.288521882116886,-21.366737043329312,0,0,2
3.1503242994831413,8.582840718096737,11.23095655522381,12.90232476200405,-25.417771590792658,-17.44845793308687,24.998349516244915,0,0,2
2.9888622094321984,7.8024107369627504,10.680638951498505,10.314785564542172,-20.95316890178855,14.414079047222549,20.97332427019752,0,0,2
2.96991988420202,6.49941963194659,9.982651142247892,10.586839758907974,20.871607105876762,13.840921359590354,-22.86978381045397,0,0,2
2.949159002362086,6.301141237935345,9.626326394051624,10.268255849186724,20.236608051932095,13.467763525556238,20.732629231408133,0,0,2
3.0649660005046835,6.885448364570356,11.67105771059007,11.94526320492288,-24.564200004421473,-15.704634013584414,23.75867682316438,0,0,2
2.90596155708085,5.982349817064097,10.213647301715605,10.767433649449485,21.32846284795019,13.923221787661008,21.53658325816451,0,0,2
3.004711578108035,6.84320723505432,9.867246849793181,10.77096317374551,21.56043784074117,-14.192666484329271,-21.116503349517284,0,0,2
3.0613207940420724,7.866397610922947,10.345928386129927,11.282599728666497,22.433422100784274,15.228427742629519,-22.14867437675481,0,0,2
3.0254651264319907,7.155018244263218,10.728003718459814,10.178352294699089,-21.281749493667355,13.762182822307345,-20.642684078274936,0,0,2
3.008568876377316,6.400981880888864,10.073527879438148,10.62360002735508,20.97236179766911,13.832367349662782,22.492507863903846,0,0,2
2.983740336521733,7.536030488795823,10.718070477980918,12.833861455956923,24.613182233760835,-16.620908224496226,-25.516917088600955,0,0,2
3.0719041230645803,6.577265719368114,10.26998767377904,10.987683385441677,21.617390695400108,14.276361085341229,22.815127804088604,0,0,2
3.0725666991001837,7.271395292707237,11.406642035277526,10.99692633567093,-22.238349267907314,14.664783151969699,22.587545633148117,0,0,2
3.1434884195172734,7.687076621503789,11.096498323084129,12.139492365405035,24.191354845617198,16.140371869339884,-23.789130431087514,0,0,2
2.8909169387770297,7.481824981964973,9.397963813888186,9.866654622083768,-20.06118605763967,13.941739007872133,-19.515913025264783,0,0,2
2.9107116733706184,7.920829792443643,10.880968041829131,10.145701604881795,20.66321064357269,14.603174418563958,21.519209913988607,0,0,2
3.0960332381629034,7.645306320269809,10.301999557868099,11.300186795500037,22.101284166293713,15.813837970362593,-24.458054368840614,0,0,2
2.948498060187733,6.193880600974667,9.622758868715485,10.144683553524844,20.028428280597428,13.241701533830502,22.011111961352753,0,0,2
3.091680097607873,7.975448827220003,11.044680632414979,12.084754477493627,23.974450222884265,-16.575331974304532,-23.704511341781494,0,0,2
3.0622701456390167,6.878564178535645,11.06947676347,12.651480486962217,24.52937797614469,-16.838657682709307,25.068454893529655,0,0,2
2.847980750759386,6.789930409050069,8.997259183151892,10.122726660524386,19.684747423881465,13.537042966688903,-20.69859286406255,0,0,2
2.29502031988557,6.08280633735827,7.353744350799295,7.4657227500155345,-14.877378757190325,10.511987899040562,-15.902865686422523,0,0,2
2.8655319760847098,5.873244809537267,9.465220812617957,9.761737224210956,19.37635136376713,12.709228717395975,-20.516639605401537,0,0,2
3.092549778699437,7.033454737526885,9.93371753283117,11.536323199649095,-23.605470792221684,15.508690401081763,22.271810180672496,0,0,2
3.158942487925221,7.573691582033763,11.662288075796205,12.876500280685274,25.463698745402397,-16.7436050648589,25.203037760002346,0,0,2
3.090473076142169,7.460959210953257,9.905394870600999,11.029144508709312,21.520523053792132,14.867784236864326,21.985645953605253,0,0,2
3.1051989902731028,7.899307810445959,11.378907165227833,10.765917644217605,-22.06063685237948,15.5524317113274,21.934982824111813,0,0,2
3.0963954987362685,7.84413007133169,10.387454126515053,11.130467019898042,22.108007394196278,15.357471682298746,21.988198241330586,0,0,2
3.1612468643165905,7.682381096588565,11.48057543151046,12.665413469075048,-24.87404729690495,16.711980877097183,-24.90488579104108,0,0,2
3.0635961914596095,7.7511393812423375,11.018370043770059,10.98629070762597,21.998088160212006,15.004070184657333,22.673606512654395,0,0,2
3.1564175141161357,7.810502982365358,12.173757249344826,12.362693322746003,24.85689487250353,16.920243102324957,24.725536900387002,0,0,2
3.0254871724337122,7.0574905105865415,10.795193627251226,11.54247335785017,-23.19601720954406,15.679709909015035,-22.735952822774017,0,0,2
2.760021838982618,7.6432636770857,10.178168735010786,9.690246013973118,20.05979838242917,-13.972352085959939,-19.655865554941638,0,0,2
2.922432041486232,7.314041326071291,10.446433876281118,10.345102151082282,-20.902655548303652,-14.410186928408818,-20.880670982731555,0,0,2
3.1708031943911434,8.2096864265006,11.429955867297293,12.744811054028524,25.018019826383696,17.07680952092633,24.952338738937723,0,0,2
3.101044242389868,7.288740345596924,12.389544368266387,11.687208872238408,-24.188925835853535,-15.462832076182526,23.752947190888833,0,0,2
3.0487608988877968,7.223167934467579,10.105320904759257,10.678739179379829,-21.22854797169123,-14.308299342458383,-21.214255599700273,0,0,2
2.5261684699952727,5.7628723810389255,8.415801719377066,7.9736026778061095,16.168604175498487,10.855109174055507,17.598778960546934,0,0,2
3.0229197854526944,6.435725348068013,10.71004477456266,11.546283413462243,22.726145621793876,15.09877765894704,-23.01142364029989,0,0,2
2.5762364808100133,5.903951373586945,8.435899318224076,8.558835900823636,17.443853402515344,13.111876040380112,-17.096080406747394,0,0,2
3.012334092245888,6.476761888739934,9.800591526182952,10.378901061626513,20.49169971523135,13.641468961892395,20.96709103909697,0,0,2
2.9748378983243993,6.264316898301142,10.724193959998962,11.110015501216006,22.08710632099168,14.38126999469706,-22.335775117055388,0,0,2
2.9405611737099497,6.166361381876156,10.179256655548695,11.049725284876406,22.728163268313256,-14.259759287774287,-21.665839867293194,0,0,2
3.0248780918592177,11.054312301064895,10.131884355800326,10.472120496390245,-20.903214513511113,-16.140988028606472,20.9484086175726,0,0,2
3.0378392371903886,6.528611992861223,9.925595671073106,10.491622302074529,20.712932075292617,13.772107536916794,21.323012573269246,0,0,2
3.020245299463335,8.682028346896924,10.838204645305643,11.118784077648883,22.328542647195615,-15.570956679548374,22.18906631329332,0,0,2
2.707211982687534,6.0317626363979135,8.80573410860807,8.887319101283273,17.824486159160113,11.971152594518903,-17.967307895512143,0,0,2
3.109897445888961,10.204310101582509,10.697562499011662,12.148401165876207,23.605509439389525,17.381072757193326,-23.99005300092894,0,0,2
2.943424418035333,6.11713002695698,10.279941790184777,11.274753083305727,22.08815349357572,14.360602724574179,22.459784223518252,0,0,2
2.977084160464802,6.742621835591471,10.046160838009994,11.450159432435363,-22.340491491187453,-14.969776768608725,22.357511023640185,0,0,2
2.143896138172675,5.7774381275944515,6.973623376837316,7.455016599007747,-15.17650935238539,-10.56035677716074,14.691432789012763,0,0,2
3.0978758820614263,7.730141945686159,11.969118498670213,11.828004935120227,24.21087220788333,-15.695842381945312,23.751261030772092,0,0,2
2.915566410430295,7.292699422691103,9.748870819966697,9.738572926316104,19.537457099678733,13.785850344905016,-19.80684836312183,0,0,2
2.9863468612252624,6.8934921749957585,10.955540019533535,10.285492941715349,21.352779350868357,-13.841465032862319,20.93569620064462,0,0,2
2.9904063653226616,7.119560468485763,10.787681720986116,11.853981036917345,24.098263697695742,-15.914586519440693,23.177923768491535,0,0,2
2.9796021084883795,7.110822133654573,9.692931590115084,10.426907523719967,20.490875095325435,14.121311429376842,-21.35360405359925,0,0,2
2.6772868124076132,6.148241433837117,9.779874029133003,9.024363993223034,-18.971821019800636,13.084534345733752,18.444862259833478,0,0,2
2.992700284345498,7.464853974625346,9.389806503296697,10.830857571573878,-20.988061963966445,14.857935726725035,21.297123149984728,0,0,2
3.0994522322956297,7.300383249379371,10.612681472684663,11.261797964645833,22.590849727191895,15.36358832317573,-22.23808512556084,0,0,2
2.9253455278146703,6.936832996024947,9.559382026716621,10.319713065886903,-20.452573120012712,-14.023125842814707,-20.374040235158645,0,0,2
3.0331007543071338,8.282010828496523,9.330973274648164,10.485889182824017,20.396398883845368,14.72353792388076,21.404863845271347,0,0,2
2.978705667741079,6.5796519694770454,9.566243435612868,10.022867160989778,19.819040998099766,13.382211349673874,20.882046821089087,0,0,2
2.81181194135521,5.99812747666515,9.848509035718337,10.324447513179868,-20.656153778366278,-13.339401807502721,20.495712965140083,0,0,2
2.507023595951488,5.1616567313950785,8.066294651357449,8.339877387861849,16.543559570354066,10.944406755514903,-17.82395611196602,0,0,2
2.979914429802121,6.803352961908595,9.904314109854942,11.219439727077964,-21.81386152333089,-14.638635732198432,-22.20952169767417,0,0,2
2.5023368621895195,5.9810822798163965,8.371434930612999,9.415765319721078,18.406688776463707,12.989722547845323,-18.530481342837547,0,0,2
2.963271584988818,6.65854402366972,9.201769056466306,10.350979330312606,-20.223048767311877,-13.748572204108392,20.35137878649963,0,0,2
2.966790871091146,7.14322172572393,9.78918667561865,10.293079492003258,21.12399648435853,14.082950496398642,20.340006428662154,0,0,2
3.0955727904598347,8.737017973239688,11.503457489784992,11.529661857277151,-23.142320059392066,16.859024288257505,23.269520260856176,0,0,2
3.04298878759412,7.169486685789154,10.01100467436897,11.701780056287557,-22.97307887533845,18.300320400728516,22.592946119459246,0,0,2
2.9642620203273706,6.791632284953839,9.062645483691602,10.535094953906162,-20.66076414322911,-14.02643941797589,20.388482377614572,0,0,2
2.906492225222573,6.7652848110170005,9.450987598146128,10.250176768285675,20.10619035841565,-14.392249472151219,-20.904389979311983,0,0,2
3.0284734523905286,7.49266177739185,11.582080989698941,11.538418211662702,-23.85474644253862,15.354030597693924,23.105449804516404,0,0,2
3.155165248201483,7.493997239306759,10.348395936586575,12.699765112510276,-24.227141166473565,-16.470582643053312,-25.134852047289918,0,0,2
3.006745201539795,6.889278519184852,10.22615739977752,10.992746847900259,-22.112475660214287,14.85341732658699,-21.623965312894203,0,0,2
3.0551891350989813,7.668338422974626,10.046092990398314,11.860001006064238,-23.933744394608137,15.723771346108572,22.814297110827223,0,0,2
3.130385239788111,7.776383173226711,10.587852296833956,13.758277284922013,25.990533811877672,18.009003527083333,-26.24230125314946,0,0,2
2.97074501363103,6.340290298598556,9.284024219607982,9.784901685384224,19.358170783231408,12.995761422627648,-19.712405733666007,0,0,2
3.0952952324362064,8.14230275794944,10.551257278241572,12.248881418388955,-23.670924980152513,-16.33358459124227,24.157263181058987,0,0,2
3.0312314211625915,7.141948196029792,10.542012846771227,10.450657103626344,-20.988891102761393,-14.021631208201034,-21.324880042767916,0,0,2
3.027945245383861,7.709549106199977,9.860507416802866,10.672520281847731,21.461678566325308,14.536221154780941,20.959536621766468,0,0,2
2.816143922017022,5.998301849970865,8.94928176496201,9.45662436645053,18.719658039873696,12.535164180852698,18.96793554384825,0,0,2
3.037617405291423,6.685628477811836,10.961648597433397,12.89469666291708,25.12542564991267,17.011417818146064,-24.884827003666633,0,0,2
2.8884491745141925,6.909298251494595,10.079564654891785,9.45090243559805,20.09859184602646,-12.947926494180866,19.219899557141133,0,0,2
2.9199199645411755,7.545636509133174,10.642346045737845,10.550567847304078,21.732578929094043,14.357268897976535,-21.16218546727016,0,0,2
2.792156749983904,6.945722897926357,9.28387724504334,9.825711959800838,19.38056122077605,13.30327621961607,-21.18008194105124,0,0,2
2.8798355839084904,7.337930999549741,9.470309436005715,10.06098375513568,19.84593200315105,13.922721265332914,-20.361789607011097,0,0,2
1.7240854949348416,3.6828146343328596,5.589849506269586,5.500302458755091,11.064978379066991,7.378166342785421,-11.577354513470965,0,0,2
3.0584972629519998,6.682026316046224,9.894248393114598,10.846527639192733,21.48241002836138,-14.822263507656574,-21.292651692267402,0,0,2
2.9703126784019163,6.673782560719753,9.656111520526828,10.484044322213721,20.846526285597353,-14.465331177915997,20.619544793572523,0,0,2
2.92565426511159,6.760373631730902,9.904600845985058,9.438275232678805,19.11963604924753,12.977700487978357,-19.784716304781654,0,0,2
3.0166831757812345,6.593893735795308,10.63992180222575,12.22003700276052,-23.651803979265136,-16.086891466920612,-24.693129013500844,0,0,2
3.1273292073433927,7.135082424166933,10.734887043495156,11.896080027643867,23.510466388199834,15.799728836675333,23.274746515082533,0,0,2
2.939317385730669,6.8936866956790395,9.943297598346994,10.301121042556819,-20.42343500336903,-13.811444009429541,22.081909981599935,0,0,2
2.805548855697343,5.9339137864979286,9.254612599149468,9.367125287453272,18.709361083642435,12.342472098394827,-19.11363058543066,0,0,2
3.0539624385107733,6.794905316726495,10.851612964732999,10.956403253519948,21.904110564155648,14.524684976887801,22.23003504917189,0,0,2
2.9530365330300494,6.7281329693217495,9.576793383244333,10.342310083769073,-20.387503097945533,-13.708470950900395,-20.545312512691435,0,0,2
2.8401070433293736,6.323176368559492,9.395939676625185,9.655614098919187,19.434573879286113,13.132911096084225,-19.262478877270166,0,0,2
2.900591622675256,6.233022414628385,10.784589189470358,10.321504645782076,21.002486830420906,13.457163843670877,-21.050269631446035,0,0,2
3.089905980737804,8.83138836439226,10.093554568509843,10.688271770801645,21.087188946181875,-15.124545982435777,21.799898096358103,0,0,2
3.046339377522442,7.970274658416907,10.030229401413512,10.51195897085147,-20.934945967833226,-14.982794483331748,-20.932199028276973,0,0,2
2.9781137680758563,6.81836020056943,9.797385572014694,10.08752420373391,20.031907799341106,13.878372258743099,21.05668667290971,0,0,2
2.840428999419832,5.981712397024652,9.035830351734456,10.213537895913145,-20.189409501795474,-13.452498140817273,19.88625348366677,0,0,2
3.1489358673307044,7.58157453436818,10.31649612867454,11.537352166793875,22.478042381569065,15.35801508228995,-23.07009495389178,0,0,2
3.0938199729842535,7.304569146520009,11.168549300664605,12.038747499151878,23.72450262622075,15.869573354882975,23.89334417078956,0,0,2
2.945910778028102,10.0794021307103,11.61405090241083,11.09674265764095,22.514833231805945,17.44104279188351,22.752497477149547,0,0,2
2.7661581057412103,7.893943040630196,11.257355164129075,10.173593456993686,21.090628972982778,-14.150688588867839,-20.998281694411745,0,0,2
2.904838091655618,8.512114568676854,11.56814404977531,11.199423232408883,22.634530593936844,-15.527079546313251,-22.921581513545316,0,0,2
3.1572586433984102,8.130535138421624,11.099623509644271,12.42800397511921,24.651547485834573,16.723474995154596,24.219668233723702,0,0,2
2.9484906060483156,6.525549023904157,9.531641986692769,11.122714534125867,-21.6629220832353,16.568182105424913,-21.55192583403843,0,0,2
3.0949186222634655,7.738569976633784,11.644648470983423,12.93158193481706,26.497219824810973,17.110146412118798,-25.220295323615918,0,0,2
3.1310294245807344,7.809048210270211,10.260648848427202,12.853100589980802,-24.42956761895115,-16.83307102973866,-24.9420159847079,0,0,2
2.886456865165594,6.952736077624526,9.324754771556167,9.561728468124734,-19.25698918505443,-13.793215124572896,19.08658688612354,0,0,2
2.822414138417003,6.078968624346098,9.170561219972829,10.242632078196845,-20.433679330638057,-13.283192651583288,19.97390597263024,0,0,2
2.801403725624517,6.9692549843558185,9.6695971086867,10.305352041495345,-20.59207548212302,14.41141713651358,20.35589295620626,0,0,2
3.010736935253455,7.022500144984375,10.109872110293749,10.153021923382038,-21.25065912873025,-13.70953256600984,-20.287021192942305,0,0,2
2.849450086787341,6.267783321779046,10.075317361326068,10.136866373286537,20.27716434412462,-14.196152044300964,-20.661162179884663,0,0,2
3.0327808052533385,7.002989266112508,9.476815438070755,12.772842085768158,-23.91364442798159,-16.289940938506,-24.472278751699857,0,0,2
2.9967944450053317,7.338571282485504,9.837978507743074,10.852779213177927,21.405789843776088,-15.016210971586167,21.30349411884583,0,0,2
3.0272289264042787,7.259612474754542,11.115872308541876,11.2895793320263,-23.229268146143294,14.927420695076114,-22.499722065449816,0,0,2
2.8786254039468244,6.241875685524788,8.987543904164509,9.457806853261294,18.84413035832634,12.726235470528264,-18.818613300261415,0,0,2
3.0410880403777796,7.643706627114901,10.724536443520131,10.882366531468833,21.70317221436418,14.991277156455647,22.243112213280966,0,0,2
2.9996246717675783,7.065470652206744,9.666621023792064,10.658413711997854,20.84837273804515,14.875869585327589,21.283679412173466,0,0,2
3.029230774710067,6.3474432242138334,10.933216519084505,11.433480090228192,22.6256300215968,14.630654247322612,-23.317309495035865,0,0,2
2.9463282736220275,6.581787178163171,9.430392812782468,9.868777377343166,19.596141890661663,14.767182030178102,19.77903741540551,0,0,2
2.839107914750865,6.709095224298486,9.446246771900043,9.495436242837345,-18.967654185498603,-12.852090246940401,20.065964861630157,0,0,2
3.1501655814029843,8.09966736043782,10.394377494578633,12.444108337978314,-24.725074189193574,-16.59816579324445,-23.867495141256445,0,0,2
3.092012381201509,6.6338416923944985,10.389441807719578,11.190842794957305,21.982608733922692,14.509861338834032,23.04492840932526,0,0,2
2.939596342958647,6.081762975201332,9.851957913595166,10.320296639981558,20.418573614921474,13.396693854690067,21.03856485303911,0,0,2
3.002518264728567,6.943283041405602,9.777606040934781,10.164598625158373,20.136841197612778,-13.89736985421619,-21.276149950835922,0,0,2
2.9836309475379243,7.353351042478971,10.074144611589892,11.165397337672788,21.785272209980597,15.119102455022501,23.445288843461586,0,0,2
2.5283726502768142,5.434316127818906,9.005406625974505,9.234187355119861,-18.357680339439042,-12.110538946102793,-19.24034126376564,0,0,2
3.0758359091729592,7.560337424661209,10.55128396211921,12.046534510365344,23.391163759601564,15.859461515501357,23.706226114601943,0,0,2
2.967028959041777,6.794050859706313,9.385879226650895,9.297695428191671,18.640270921063546,12.734307079300514,-19.859945179628976,0,0,2
3.0121026699003903,6.47140139701753,10.624485884974039,11.721461243954014,-22.93225495002678,-14.958989001245826,23.292585789523542,0,0,2
3.078733914404065,7.382392531318505,10.355401613559787,11.54811212683144,-23.13148783965403,-15.318383497364058,22.512048760605055,0,0,2
2.737899676445973,6.175526642546761,8.886751937005759,9.747712453963786,-19.52553953545874,-13.090829334674137,-19.09267802895417,0,0,2
3.0381691337779064,7.821286170872315,9.676866902607271,11.351333486473145,-21.865469905063815,-15.61632949781208,-23.75431110224492,0,0,2
2.41316247970064,5.120004543065139,7.241336340421488,7.418827856352726,14.75083908443828,9.987625262770672,15.775570249844748,0,0,2
3.122277599224694,7.494679205929135,10.216444011298442,11.413488922687202,-22.932958620848282,-15.177023561434753,22.23709224486735,0,0,2
3.1048376716741792,7.047504593128302,11.46360735884956,11.66501431838781,23.428771177193823,15.389953460295484,23.339932594221057,0,0,2
3.0319086608143087,7.484768338552361,9.82669669104492,10.703315744235118,22.521828774417642,14.551669681448299,-20.968491750818973,0,0,2
3.0560462909769277,7.200775231369785,10.805020963874934,11.908268076019748,-23.37147222737151,16.00986609118336,23.47059846829647,0,0,2
3.0211452946920923,8.403792555782987,9.573919143624353,10.825382534188936,21.145668085430362,15.14069875245582,21.21020647692391,0,0,2
2.93238373870726,7.731237466191626,10.100508183140539,9.789733507151514,19.951591047132844,14.632204075501717,-19.834693680633926,0,0,2
3.1443010269923692,8.15228925561184,10.606606987125891,12.470624044554846,-24.432150751395604,17.881176161612505,24.0426519775444,0,0,2
3.0989479601258605,7.322405782211497,10.407213093242046,11.582971380754952,22.879056291569036,16.220171531178877,-22.640545398157666,0,0,2
2.931522786811378,7.232742738665756,8.959454072747995,9.827621876013193,19.333334342706177,13.452773088621766,19.418268069980584,0,0,2
2.980410069771684,7.743244939409439,10.896410849925541,10.969161503473705,22.94796315187888,-15.213378619778698,21.90371162579842,0,0,2
2.9661969219624575,6.4735840601221,10.260154087479838,10.563143271319113,20.997186645380637,14.745564281480064,21.479197653217103,0,0,2
3.023649039066234,7.531485132562576,10.872572783465454,11.04343856567101,-22.187333714283717,-15.046962850387352,-22.121548286137596,0,0,2
2.8410849123866004,6.871057300096485,9.02897974660144,9.697477234799376,-21.035006722316314,-13.77427024595898,-19.060730169747508,0,0,2
1.3713352658081877,3.0583769700438412,5.8116540851850536,4.894710061649119,10.24859417474877,6.427097636049687,-11.493439387565251,1,1,2
2.58085498313118,5.9103942904724,9.240769579495067,8.950944457618613,18.228648859133045,-11.917846081094336,18.169940225883412,1,1,2
2.9836844468493857,6.734531945161353,10.168630281331447,10.426076991895878,20.767290736412477,15.371837659152272,21.092333990812875,1,1,2
1.4696861141292714,3.426317348227223,5.389306706384496,6.816554241503442,-13.319406899229227,-8.529816874075637,-12.956969558117159,1,1,2
2.7179953429130332,6.84162658115538,9.18946715648003,9.452634754998154,18.916524118557216,-12.874120043586991,-18.932158658419354,1,1,2
2.665457440808397,6.195778679946541,9.156397370885777,8.492507481775068,17.316962340089002,11.815146320295424,19.792357960823672,1,1,2
2.7542286823409357,6.017510067115497,9.560211705318464,9.528263786295636,19.421283297271916,13.78211304427517,19.12113270427668,1,1,2
2.5152349863455483,5.5742701390381715,7.987847134906175,8.64755139722049,-17.004401207963884,-11.43716460729887,-17.35654015862051,1,1,2
2.9680179617163818,7.40468673255961,10.528861751325314,10.61746605199852,-21.233791910390735,-14.507955966193883,21.56268017237277,1,1,2
2.6366389010164384,5.902502955466293,8.930513346782089,9.41281065160114,18.584510440332135,-12.365332096673257,20.464182894243148,1,1,2
2.810103706579922,6.733317114056473,9.995424489543675,10.32662566693661,-20.489328548044693,-13.708523323180323,21.54449577926944,1,1,2
2.930356391602031,6.822872780704334,9.410264134923262,12.107756869048758,-22.95977759910732,16.187233274897512,23.095726737278117,1,1,2
3.000974020820193,6.693237660021048,9.732084385231188,11.102978688681874,21.547080233505138,-14.743886634305243,-21.989841084686386,1,1,2
2.9791424723184248,6.645281692381216,9.622738056673336,10.409433882920654,20.43088557511537,13.85297469189369,21.231760241789953,1,1,2
2.923785802305156,6.491948948816899,9.645363757001672,9.847043754584528,19.791748335268267,14.510183297051652,-19.704485235575934,1,1,2
2.926296283031782,6.67940163502767,10.123574829653002,10.315574191007553,-21.033910815081022,-14.426097624409504,20.55816542594411,1,1,2
2.9220679577329407,6.5023091747076895,9.576239567764091,10.646081033906103,-20.757329730960706,-15.138658901944545,22.452445220994825,1,1,2
2.938334014998421,6.459522611161576,9.872076765827096,10.861567710261085,21.306376766680746,-14.327503471079368,21.488584146249345,1,1,2
2.82588268460281,6.1344614068797165,9.40263520362111,10.573552559230302,-20.860977935548792,13.726949390704087,-20.62468494080785,1,1,2
2.8058242345807365,6.165521084326425,9.161155261439173,10.202731575603936,20.52600079537593,13.290000481265302,19.896307775405244,1,1,2
3.0134291441483936,6.811866747729591,9.574729401861706,10.55973236625476,20.642133563501428,14.207359562194522,21.212384130336456,1,1,2
3.0309493898260973,8.180715417345747,11.392398564917613,11.27705216537027,-23.1722816055395,15.844868163167975,22.628866770782164,1,1,2
2.6274437154173507,5.85732777852379,9.0098084790139,9.327352615180182,-18.54805033864875,12.325216933570115,-18.831357528947915,1,1,2
2.75440198190641,5.912245050823437,9.30513453036818,10.37662549567337,20.472616322220407,-13.446323253847174,-20.297726227116794,1,1,2
2.80733466907138,5.97310506284341,8.761031860832672,8.813799923049789,17.60197526984597,11.801685136087093,-18.829721608133706,1,1,2
3.016047495439811,6.93834348919913,10.263709304419855,10.405493917682533,20.78431295602861,-14.659872420493974,21.10740962862809,1,1,2
2.662011181639109,5.864005210221106,8.728158409456528,8.903763903278891,17.73740288079097,12.899760693771382,-18.273166799360833,1,1,2
3.0391716882074795,7.298200524931168,9.62695185211419,11.731539170826201,22.462262114324364,15.380733184522315,22.748583812384428,1,1,2
2.787901534483582,6.210445695909152,9.651982256342652,10.355725413734719,-20.753509615308356,13.568564246204126,-20.398211813237634,1,1,2
2.9131659873855282,6.423792227594882,9.518919780465787,10.411699048458564,20.60281666433804,-13.700860577509818,20.47172260668059,1,1,2
2.691264668994237,5.92311273451669,9.126090897707371,10.253977392125217,-20.223599222034824,-13.587049874286992,-20.01412615881759,1,1,2
2.975689399624984,6.4699479946486385,11.0466587027846,10.933388561409853,21.92642927938664,14.169137255339336,22.85350201842965,1,1,2
2.9604040995337306,7.268954889630586,10.073142530485612,9.659598161070951,-20.094443941040478,13.317585920159951,-19.54241786554548,1,1,2
2.6106930324305155,5.462192424035667,8.217619310694422,8.575460723159763,16.978445487227443,11.42458391810124,17.73898936050664,1,1,2
2.7606446745133377,5.794083244887262,8.758119077178183,9.123608869655321,18.06447577876815,12.028563995991155,-20.498995885241495,1,1,2
2.4794969594864673,5.411540622473713,8.22406844255302,8.93162394242388,17.509752311945814,11.687590960382858,-18.952727534139363,1,1,2
2.9191036719496366,6.488430313262214,9.664983302686478,10.659523441652746,21.303141276994193,-13.91165292969141,-20.846828456428334,1,1,2
2.6752062184625416,6.358525095732037,8.090822917250453,8.317901380459475,16.533970291977397,11.50107442215715,17.16224936510047,1,1,2
2.0440391669891014,4.887466081334005,7.5899859627095125,7.776813771409855,-15.594163270318571,-10.233256070863641,15.628662856603075,1,1,2
2.841853513570941,5.868772241363245,9.812984011191391,10.767746888315907,23.220803670652543,-14.056945259308094,21.05812260311241,1,1,2
2.9127965370972873,6.369367271004704,9.386610436252495,10.027357284248216,19.76502730663036,13.254896778147595,20.174409441590296,1,1,2
2.864820249634329,7.387323297207347,9.177210930415916,9.820037736041295,-19.50548843569811,-13.593111471347433,-19.438076691822676,1,1,2
2.90945805753086,6.39669227766563,9.681860480096416,10.81754918225467,21.083970904896844,-14.140072178324546,-21.632358227456407,1,1,2
2.9405720314723607,6.731551670383508,9.602051195802842,10.407295023698278,-21.030900312329692,-13.774884680271724,20.424902958916654,1,1,2
2.4991133644854235,5.31724140130404,8.240724586800068,9.502747047908642,-18.444017318582134,-12.184940177297932,-18.655600261303004,1,1,2
3.011633553654745,6.9227490270109335,9.99619008891012,10.58234066607813,20.895350112560344,-14.19325068353917,-21.36396949054333,1,1,2
2.9118281712916487,6.23455629650756,9.846535306023783,10.42181074372403,21.836593305174933,13.584043607213989,-20.55658098565502,1,1,2
2.933217099585719,7.070577487833891,10.027336277920172,9.694734455961234,19.803613016183796,-14.367934030205365,19.639318853095876,1,1,2
2.9248251125194096,6.9430690363793985,9.475576240638699,9.734576544616305,19.36862363508621,-13.289307664820576,-19.79137494259231,1,1,2
2.6177826678137484,5.333437485274703,8.919924104505311,9.139376258301457,18.16980988512448,11.80855437075153,19.390790829357545,1,1,2
2.956879949406767,6.6373994207357425,10.120519398175478,10.738131762969694,-21.16964773428015,-14.351666422631274,-22.16666790924773,1,1,2
2.634635884905154,5.756227553979229,8.403372051390122,9.491506886586544,-19.420803195456926,13.877677723837303,18.441319980525236,1,1,2
2.7210806569428483,5.612014235512642,9.537333772366468,9.573927904172406,19.14627369284887,12.401828930173602,19.6946872219655,1,1,2
2.389239759448118,5.318552654667053,8.170334923596775,8.968936411593358,17.541604848910644,-11.825088053905263,18.46754413916465,1,1,2
3.061656564950195,6.631938713078082,10.419786132196526,11.516564085015228,23.504723407560412,-15.478441783317134,22.486728816745146,1,1,2
2.6735387207133905,6.352469054668009,8.56674870346319,8.946235681298692,17.702730470066246,12.741783785290048,20.163921630617853,1,1,2
2.1862500811927172,5.074127412318035,7.658564786345292,8.195431782442588,16.17552425392494,11.013606003115704,-16.45429018530488,1,1,2
2.718785641892068,5.607060422176236,9.509577332992015,10.369142494116598,20.817009410386383,15.841315310532545,-20.33045617881973,1,1,2
2.938264242989525,6.2568920429602635,10.224375313936658,10.418665447693002,20.79146846668014,13.596757684761984,21.078714726370727,1,1,2
2.916915648168262,6.4722808643327765,9.93106160431535,10.416776157115851,21.458735013276424,14.51699889136718,20.594719357287772,1,1,2
3.079281722625014,7.261964137507222,10.50841176442738,11.462587582062762,-22.533052197797574,15.095169456488925,-22.692943506336423,1,1,2
2.3621433129810536,7.010446597228845,7.1658011165849675,8.194592433422583,16.42170806883112,11.701449434834972,-15.893029387664834,1,1,2
2.8062020898635183,6.664284816459544,9.912090977094502,9.516023003619566,19.305500090820846,13.430665898078509,19.496333290452917,1,1,2
2.5455933731982037,5.5320067185001145,8.744044453335553,8.722356842549305,17.457613270175298,12.208972478383933,-18.468473442305978,1,1,2
2.839484059094154,7.447907749282847,8.953570626276873,9.581387870971248,19.422937894086832,-13.415425791070403,18.86488221144632,1,1,2
2.8228179563219777,6.704412181176659,9.120875326830618,9.664966422414112,19.675163925506563,-13.03630063824801,-19.070924147576886,1,1,2
2.702252369845125,6.0198684203423225,8.658615539195651,8.992621964203307,17.822563279409362,12.893512321596853,-18.670904878941222,1,1,2
2.8621967904181234,6.534255111355254,9.21704485148931,9.775992486726533,19.368224237593445,13.504372523278345,-19.496504211123366,1,1,2
2.5976718291103413,5.928526663056109,8.549649448053216,9.09198592658144,-18.29239035014938,-12.057161320079512,-17.95434280648221,1,1,2
2.899341161603252,6.600789518955833,9.168799530351373,10.942857335720861,21.21714186812759,-14.781897289179634,21.09752770095663,1,1,2
2.95432705854721,6.896224923955329,10.130144519665423,10.492119211370376,-21.77880649549898,-14.33882346839483,20.805694985946577,1,1,2
3.0868941045867766,6.7683501003596644,10.7850642118948,12.62807343599437,24.338753506089148,-16.425555133132764,-25.19802864345812,1,1,2
2.995192900228909,7.104332630718402,9.841013893761238,11.049346970394488,22.46236801442296,-14.603348371982136,21.497060215815612,1,1,2
2.9037350462470246,6.402523188496822,11.660272402901896,10.832423030242873,-22.2032113561539,-14.488659871622685,-22.258923834282797,1,1,2
2.9764334252761713,6.907511892605297,9.70492063404821,10.033760648047402,20.443158378159765,-14.324213999794758,19.921953213134987,1,1,2
2.3054553614209397,5.2738267949031705,8.5045925913685,7.94553848470748,16.81850892705052,10.799967696368729,-16.181880466368817,1,1,2
2.9348300677982007,6.764383336477796,9.594628896258317,10.419348731531432,20.500896255099356,-14.168328810799476,-20.69467923903042,1,1,2
2.884660782646407,6.584524612475641,9.777804926481064,10.835590380036697,-21.32070152913634,14.917131231545506,21.268084211773008,1,1,2
2.9394967455688046,6.521132347942036,9.751992773820271,10.268067076160778,20.278102011273916,-13.970310062739612,-22.596548898594804,1,1,2
2.9876821621603007,7.002195098276972,10.560272092605356,11.062804080790661,22.18014320095726,-14.64736440337732,21.93524419783111,1,1,2
2.9383993837810634,6.340910031186005,10.040897555661385,10.794876902266116,-21.586558193381574,-13.96688525203309,21.2555444894231,1,1,2
2.5802024046573755,5.739922223413138,8.95179226790915,9.081610663016766,18.500436758603986,-11.99946623068626,18.135384477267728,1,1,2
2.967465254058949,6.420500749453691,10.550196528950089,11.208931199748204,-22.415868146081184,14.41933615095178,22.14284869313022,1,1,2
2.9006250134707217,6.644434497235645,9.599999369920248,10.821095863161037,-22.060430801749852,-14.645444872451797,-21.033553721734545,1,1,2
2.792114089878977,6.211084457389014,9.00879710969642,10.024877658561318,-19.610134663958917,-13.700035814093187,19.825814173106526,1,1,2
2.8760876619694558,6.401241921591418,9.227272073925805,10.273661897736073,21.298369842326096,-13.60578582378734,20.02474390073055,1,1,2
2.805942240216765,6.212895242683111,9.405531413064258,9.00512712538769,18.211884171464302,12.152495174478362,19.302216881473203,1,1,2
2.944812685827821,6.531928025925338,9.936302662543442,12.032471673081753,23.21400405599823,-16.700901054530874,23.12900821060944,1,1,2
2.9419618595900876,7.026387177574039,9.27756284442435,10.168327041616555,19.894573846740684,-13.858403892122087,-20.801918513168058,1,1,2
2.515686991236912,5.393729507416769,8.477563653581141,9.114823022916877,18.14255831668939,11.815192681802381,-18.0026582735062,1,1,2
2.900485700910176,6.635520485400644,9.388568326311136,10.140763090283642,-20.35783610536343,-13.471102969501366,-19.934301863468388,1,1,2
2.777441674815519,5.809770840043268,10.248265845505713,10.536344965607116,20.98620648585558,13.620659887152472,21.24512457221883,1,1,2
2.690131221821023,6.35822491708685,8.660208399040716,9.32079340079826,18.39180418848976,-12.79229264521966,18.565759464048128,1,1,2
2.846798503361971,6.665054248177252,9.174238628036111,10.680286759953459,-20.82292871795985,14.038458264976967,-20.70818508277636,1,1,2
2.9671471199594626,6.546572042684044,9.429629926504644,12.030022965843633,-24.056571586970346,-15.305162353251637,22.760403838180174,1,1,2
2.7594952902970573,6.237376942537583,10.436697533708749,9.941452691471005,20.37602410298383,-13.090397532887993,20.215186938644422,1,1,2
2.8998658791737952,6.500718129478831,9.605428095615846,10.894179012384939,-21.54843163568265,-14.637337985324987,-21.180624921423654,1,1,2
2.929137280593904,6.759004649203041,9.39033717575527,10.8783385025709,22.06909802688998,-14.269352181480523,-21.014357431191236,1,1,2
2.8854474984854948,6.267090079852565,9.39846587000578,9.867765446780716,-19.566634190713675,-13.186281202977169,-19.792347773816044,1,1,2
2.8808312532599847,6.228962744245267,9.657397209571279,11.269709654028775,22.04405699405424,-14.521983785263481,21.792572996088612,1,1,2
2.827032266690182,7.644617336280912,9.704169328297823,10.081396100498473,20.15692819512795,-13.975451432543522,20.096631760070704,1,1,2
3.069160165713426,8.563788634848615,10.731379193568085,10.995366693217221,21.884927083868856,16.102905088836447,-22.33103232651327,1,1,2
2.708590611608594,5.775122031562493,9.17169059089154,9.831759472788825,-19.863685302389406,12.87573724780451,19.35325288742584,1,1,2
2.9498414168921165,6.594357219396131,9.44759603782276,11.577414510188982,22.091958425632008,15.069418530746276,-23.104644417303664,1,1,2
2.5327960110216052,5.248982067854924,8.787005503189937,9.360246789807492,18.564173673449112,12.07545054543624,-18.60667891795436,1,1,2
2.88040039757223,6.811849301998825,10.546507069674766,9.920738938070844,20.28006208422334,13.491594585971706,-20.33289786957939,1,1,2
2.9445759394534377,6.249712776159077,10.475916329529472,11.733785357110051,-22.8435374413274,14.990298202839057,-23.664304817467926,1,1,2
2.033158761996313,4.521229932750037,7.450626688780437,8.3459892844476,-16.292374993440834,10.635256530526746,-16.59529799924922,1,1,2
2.905658072142378,6.436684706566614,10.035821873959925,10.30356806061923,20.518591548782947,-14.363172400156078,-20.835724559154055,1,1,2
2.8977062830446543,6.199769625666296,10.823750244111055,10.702586211854365,-21.46583867140787,-14.154779420939299,23.171432925758133,1,1,2
2.9105541620710818,6.746652580626458,8.948520322713595,9.921958457343296,19.637398851649056,-13.477810547110783,-19.427079180337234,1,1,2
2.857556623843174,6.051367071340394,9.243443623037312,9.342037195849638,18.635944621644697,12.43881264580665,19.770199538993218,1,1,2
2.887157896754252,6.458364224633324,9.704872656769032,10.465199518607768,20.721316809509545,-14.230951342278077,-20.68196483055748,1,1,2
2.942727850243925,6.747921098423178,9.387777009962612,11.385623860495093,-22.17715776065776,-14.996783853252454,21.80889606308536,1,1,2
2.966484477058581,7.1217195464610175,9.645684661127138,10.47713469559919,20.582753447196062,-14.78797475482867,20.905895468928218,1,1,2
2.9889301495735627,6.67502448394166,9.616316912991252,10.839656193120165,-21.135065665351345,-14.426513412254428,21.35445601745208,1,1,2
2.911327852394481,6.174811518264089,9.89189291161876,10.529763359264598,21.41700695311965,14.06233735532231,-20.750448456240708,1,1,2
2.777273912174246,7.305958840953112,9.720132960242015,9.889944034639534,-19.935216568161568,-13.614632095892343,19.78219626842979,1,1,2
2.870708560203576,6.391337291614713,9.372556364121312,10.037816562168883,19.76654005776265,-13.633492962172975,-20.237166555307855,1,1,2
2.761166925468876,6.080342508534502,9.893773319008718,10.174728173253154,-20.374231290177576,-13.365214554824917,20.345693489696657,1,1,2
3.012746256260013,6.617317540230007,9.669352110588227,10.608002417679225,20.95340350520561,13.94113144932596,-20.852584510037765,1,1,2
2.8318815075830774,6.266488171665856,8.51422386334628,9.085514330522221,17.891243520893507,12.41981556456121,-18.672731772284823,1,1,2
3.019663906364174,7.761000516246399,10.832633139209399,10.882927700144592,-21.987456216316282,-14.85995018985079,-21.82477293813114,1,1,2
2.934791639768224,6.430573773377104,9.502219154543488,10.468029087141659,20.49840358620994,-13.866890026033468,-20.815951692173325,1,1,2
2.9651455003415688,7.484902895962999,9.87186995077644,10.369475944937177,20.592483787801733,-14.276741767830362,-20.702675857600216,1,1,2
2.7594334959767792,7.1284068393037545,8.684136807143448,9.602433947518318,-18.8493131444389,13.312118806348726,18.956171143758613,1,1,2
2.78897569150534,6.290805087175126,10.473698025764431,9.526628765674433,-20.290412207708524,13.48217924823593,-19.533339198610232,1,1,2
2.871939282281151,6.240073733127534,9.519153970094854,11.496429271815517,22.200715622427587,-15.313982971099195,-22.116811256070772,1,1,2
2.7814957009856336,6.128348675641234,9.3534069647293,9.864987990674125,19.589262456938624,-13.20769548951713,19.667071757367037,1,1,2
2.478602247810405,5.348461547835139,8.20428239277806,8.808065619980184,17.315469053997266,11.497813379594179,18.438379721958892,1,1,2
2.654029611718149,6.036144805041899,8.736868935607832,9.457332768324465,18.560164381996064,-12.660709031017578,-19.346563682133745,1,1,2
2.9411228737881103,6.387977246479385,9.861594909484007,11.378237785866844,-22.287964682760055,14.665504115453375,-22.06449593303105,1,1,2
2.80840840799624,6.474293770015304,9.087939503149663,11.011289233392256,21.0859244655841,-14.315898418641753,-21.54251992184782,1,1,2
2.994248956269501,7.140099464099371,9.869414845724368,10.336930191980606,20.449247222298467,-14.151996444351926,-21.132455821226138,1,1,2
2.7292092296382577,6.36025599710065,9.174151325307585,9.510948837241827,-19.130292313731076,-12.71145938767994,-18.924688016150167,1,1,2
2.342590133569219,5.655828936977343,8.120265907266909,8.139569375011476,-17.02915232387807,11.192015830222928,-16.276156248738346,1,1,2
2.9931402293489473,6.752315930076443,9.990746923383197,10.8263714499874,21.323671028034173,15.31740145795325,21.472108370577303,1,1,2
2.94446363918033,6.8248799970734115,9.759762208478367,10.206026424701673,-20.95402413948871,-13.618630015709341,20.19542253346393,1,1,2
3.0663793765124105,8.141214651948392,9.824309084860568,10.949447781775643,21.49376851468637,15.039630523160483,21.480128084325305,1,1,2
2.307734384304907,5.833474443144502,7.609372873610202,8.08644284224129,15.979042765588984,-11.132816907768724,16.299575551392273,1,1,2
1.784176487208288,4.447963709533406,6.293261723583803,7.6457285086014,14.8615477080684,-10.385634030623123,-14.699489189580486,1,1,2
3.0194408063465477,7.7892893242097,10.2941676547516,10.481803324783153,-20.965253715002827,-14.534967539520279,21.094230640772523,1,1,2
2.6174026353632405,6.0463974500309075,8.811900402632789,9.719851827863524,-19.048054946521926,-13.47027813999323,19.287185594311527,1,1,2
3.094852988632335,9.72565077444195,12.301689260612312,11.537774184113523,23.499590664477278,16.53807305060229,-23.83452234672516,1,1,2
2.8962420275495173,7.113472467057186,9.334327190706935,10.126183343835864,-19.923029255204785,-13.700636106466675,-20.14555428338984,1,1,2
3.0501111398779543,7.157967670273384,10.051359675943015,10.940054990206272,21.435882107929533,-14.9771452121245,-23.064996591290218,1,1,2
2.830515018996106,6.259372924957651,9.353054569859964,10.093451394764154,20.977367782314936,-13.235578704101096,-19.817743018692816,1,1,2
3.02542785727025,6.853251685838377,10.205181993243363,10.661503944587663,21.110579400404966,14.505147213023879,21.67264412497207,1,1,2
2.8582391037258685,7.398327535201902,9.123081587520232,9.812041438626064,20.65243541826491,-13.920879482708603,-19.279993324622932,1,1,2
2.725026828110101,6.892987358559476,9.695690030190802,9.538415628827483,19.436244092902545,-13.367979897418465,-19.225132041942658,1,1,2
2.800414923035581,6.388281039117762,9.503881179261144,9.75121313142725,20.046253258807187,-13.409045977811282,19.3890406431405,1,1,2
2.8494949681593265,6.19897625672578,9.408297178182284,11.128232780165863,-21.612884723426916,14.532867552227117,-21.496541491141365,1,1,2
2.9272266553518076,6.181754176192311,9.76804328979982,9.876271510526069,19.71352171088885,13.010522085806656,-20.28492384922473,1,1,2
2.7436142517577435,5.817189378722791,8.739870742628629,9.165095735003232,18.12886901394597,12.14746967880331,18.765228951242698,1,1,2
2.9788498182001524,6.679061647981285,9.510607385024931,11.163130639274314,-21.757997626387652,15.24073509040685,-21.578942374777423,1,1,2
2.9283874415523274,6.673946638429344,10.027687022409388,10.02993693697279,-20.27977977112359,-13.403076546983707,20.156120353007392,1,1,2
2.6782524538652144,6.221868121268403,8.620878187257441,9.783005793760827,-19.07103172295662,-13.712752023727246,-19.227485772675745,1,1,2
3.0927092024484253,6.983086303645916,10.311465773023537,12.753470834898138,-24.449087582360235,16.24794288165512,24.42451321354327,1,1,2
3.0365878708586425,7.032980882888307,9.915797738424025,10.66584012817056,-20.95888750665739,-14.208889841699106,21.952148468452087,1,1,2
2.8481847220239875,6.54244327627141,9.346059962516744,9.997889841223293,-19.698865730723508,14.239575892220893,20.121374640631938,1,1,2
3.0529090085202015,7.5796079823091365,10.548281542254953,10.707808152703777,-21.358939309841418,15.245396735628997,21.833993783484473,1,1,2
2.2237469038458872,5.925355478576451,7.346568162619502,8.208588418672255,16.042282043219693,11.300324834700081,16.3074568708644,1,1,2
2.8381766867979534,6.079021044890826,9.625079075701608,9.819517063693144,19.54754070061644,-12.859395808194257,-20.334139524768975,1,1,2
2.85772804005427,6.6938017197485316,9.27645564532573,10.599338310647648,20.762123661025736,-13.946561468262578,20.632454028111564,1,1,2
3.0069245511835185,6.491357405773841,9.973965636286598,12.416866314792314,-23.944066889365242,16.84556401040789,-23.665397093589604,1,1,2
2.8694427169254024,6.235725383268558,9.592359438750254,11.613029647392874,22.258538551052983,14.96225753540979,22.589362125024696,1,1,2
2.4099319550436027,6.183300481338292,7.710427976160901,8.69961970758081,17.114345894805204,11.91410166274986,17.008696830820917,1,1,2
2.9671552559762633,6.751553915328435,9.548252660520788,10.651920818977219,20.806511507772356,-14.090026942143721,-21.078852983197095,1,1,2
2.792961642753518,6.4039884914607725,9.225151083032562,9.853100422504365,19.52625311962848,-13.887083183279815,-19.560584803214226,1,1,2
2.6961562832955357,6.6548676249927,9.49091788527191,9.083797384672556,-18.407792212760924,-12.41132308571745,-18.775632177996574,1,1,2
2.949612126886408,6.346374645436858,9.819058070602104,10.373119301464046,21.01768013406134,13.595225248597258,20.487312583275546,1,1,2
2.696639545366598,5.909146285597093,8.946312392669867,9.53967491632627,-18.787347913020348,-12.615130551898321,-19.61828879516396,1,1,2
2.6571089010684026,5.999678026599162,8.74479740293428,9.57445678548153,18.737872628518645,-12.676083302989149,19.61510474979704,1,1,2
2.81723610224363,6.987642530964895,9.789703728678996,9.242102199196959,20.34265623191117,12.806226765694642,18.7581522585912,1,1,2
2.8976387290379746,6.504889417910734,9.841976135533272,9.895368678401983,20.02437724722853,13.621696586638214,19.841966591111696,1,1,2
2.965494126885437,7.020488306145005,9.378164451736275,10.722694624175837,-20.81534377657274,14.80239461159687,21.14951207243011,1,1,2
2.8610784488972154,6.503438487715199,9.702587079915466,10.268206679561562,20.45507890342975,-14.384393408790984,20.362873623201267,1,1,2
3.0357121685411417,7.409398089429819,10.410807497899748,10.356422683509946,-20.943728196049637,-14.261339140083948,-20.847871264263247,1,1,2
2.641625171438355,5.444775767413669,8.881667126965205,8.832062768057197,17.693029748558377,11.568410956769345,-18.55285308674401,1,1,2
2.9336830086516126,6.9577879975728365,9.385814740350263,10.230540795105966,-20.32315629031214,13.834271116615103,20.107012910218106,1,1,2
2.915645791970903,7.387828979192126,10.215426433449691,11.971807518543507,-23.098717623280187,16.67989771313603,23.489057802068494,1,1,2
2.5547465464768853,6.515402543250727,8.224994598719716,9.289853767649808,18.645216987331082,-12.616251300480993,18.06156984367769,1,1,2
2.364852380435729,5.200399685253082,8.419654209292355,8.417704538265138,16.876996550875027,11.235082711893972,17.220420389284747,1,1,2
2.831770020597249,6.057603614231327,9.73344698807371,10.180613392595296,-20.547319445818776,13.331544615801345,20.173338703168337,1,1,2
2.916897555830166,6.978142056243383,9.684376881086873,10.33257888034777,20.342507691690862,-13.83761400297639,-21.42933564095068,1,1,2
2.9744132970485166,6.63208461868635,9.401459956297131,11.045464026989556,21.344395540349996,15.375666979498623,-21.53506033967535,1,1,2
2.820757115733117,5.98018856605474,8.776532052170005,9.17276917230027,18.15956866046829,12.273245946675177,18.77957501168785,1,1,2
2.9675784638993177,6.291865872077114,10.31411346633802,10.445782055613758,20.976264376180353,13.744233236082817,-20.97622525360271,1,1,2
2.936600846316043,6.448161212582335,9.459589186416364,9.558943023452793,19.23580791758628,13.339527577239517,-19.20288690460469,1,1,2
2.3603498402609584,5.524977703196145,7.9531122455205185,8.593272030564496,17.339348044619513,-11.61625311110654,-16.89257596375366,1,1,2
2.78373251062684,7.418036345861703,9.504692430660173,9.810526942508364,19.470115909815807,13.519911179375773,-20.48924897655408,1,1,2
2.4220660595056356,5.520047902153334,7.739760566789917,9.328162204474982,18.167818023268463,-12.279931172735331,-17.92306014876788,1,1,2
2.7415688207684354,6.132084856997221,9.292703357267179,9.6106176024757,19.155201190179604,13.621687006822441,-19.291400606827562,1,1,2
2.912685648610087,6.494285507653183,10.039065915150996,10.23784014309231,-20.37693807526897,-13.883117405059002,-21.64024544794656,1,1,2
2.7045189346942564,5.986123352675557,8.666143045521906,9.41079469663273,-18.451667126903285,-12.544383931191353,19.42841398542825,1,1,2
2.957742696595553,6.915828806735518,9.678721395709019,10.2991035231291,20.33006710953186,-14.017396592443633,20.66519068485558,1,1,2
2.8021162288674657,6.575320826275037,9.21403498861284,10.054072352350307,-20.399482206338366,-13.790182691434715,19.69648933715777,1,1,2
2.943119947336495,6.869085209148898,10.181655516776202,10.4191991318399,20.735399842156287,-16.763223613354764,21.29688009908733,1,1,2
3.1099585247531887,8.035999998242627,10.189681333492443,11.357838846616142,-22.158252955187187,-15.813043430481791,22.600285388057426,1,1,2
2.900221327129415,7.376144329675069,10.35716396856292,10.445097258782546,-20.93354398001953,-14.136987409536044,21.086254936533262,1,1,2
2.792263341830073,5.8385124072398265,9.269294261052538,9.354151473906382,18.694091777016475,12.382683480282198,-19.122948685923312,2,2,2
2.9966088267593856,6.53490973294571,10.66333156497193,10.645628482727862,21.332092411095925,-13.915438406845787,-21.731815614121107,2,2,2
2.269157244782075,4.850948070908908,7.982966417081618,8.2716773671479,16.469321188526887,11.020353118872835,-16.678043930856585,2,2,2
2.9635199966086594,9.442165732699863,11.865629236246761,10.94863029749642,22.725600031277583,16.002018645381007,-22.399411070872254,2,2,2
2.7942501738214687,6.01029260634327,9.056643602598898,9.732568918468402,19.127827502691016,12.73792362085404,20.388646839920952,2,2,2
2.79044686122766,6.763821039882213,9.880322592524815,9.239468039589575,-19.215239177922406,13.440018622590138,-18.8339691637319,2,2,2
3.025589985162922,6.930169311860367,10.327589522333101,10.365973429767083,20.72617594753019,13.966983772371758,-21.323914905328962,2,2,2
2.958146451110082,6.164365466142301,10.07826516493277,10.620207873171662,21.051805790995676,13.931557864272984,21.21984033463733,2,2,2
2.958557856616355,7.067012882842322,10.379369688046147,9.944981215487298,20.359236093141835,13.501736795959308,20.188745946335267,2,2,2
2.901090883396769,6.196540606056619,8.967795504113237,9.46334335365139,18.678957611713884,12.56527421336433,-20.52153194600367,2,2,2
2.8794636044302657,6.459357115723887,10.154906071571206,9.946551046960774,20.06610065639436,13.220931518048284,-20.28029858248782,2,2,2
2.956193353694056,6.549261100546943,9.823998841068422,9.976608129124267,19.899317833340938,13.25776879167408,20.381211268088972,2,2,2
3.010129855145754,7.266633759355483,10.334147866921912,10.530446327564505,-21.028440389615493,-14.163943402657395,21.254368860306812,2,2,2
2.9835258317254905,7.58505927944517,10.795255776842664,10.090201318692152,20.850338455622573,13.930102315388742,-20.590203184898673,2,2,2
3.056512179372039,6.9401646693385874,9.51855505946732,10.36449889463205,20.31876919981549,13.835390619313864,20.92810209935203,2,2,2
2.957121680194001,6.727236500247345,9.193983305953614,9.883827454048605,19.495898751231923,13.693262266690903,-19.69451231681787,2,2,2
3.091787524039782,7.635252069424972,11.13600712052562,11.190982528058068,22.84172654472179,15.036794917851504,-22.378820186774984,2,2,2
2.9963443364223177,8.197229159290579,11.183044907044405,11.588535989840702,-23.171628469442716,-15.778796045757211,-23.086369859368638,2,2,2
3.0962074165511413,7.983846940539349,11.342373964951772,10.86468945560623,-22.62291887938976,-14.944847077353346,21.979141431284145,2,2,2
3.03000878158881,7.28911035957565,10.25070247022255,10.263668245811866,20.62187335551067,14.221827417148134,-20.735582853267466,2,2,2
2.8322429254604398,6.557900474220951,10.2087767246074,10.476533431769873,20.871552166387517,14.175757710843639,21.153706634984328,2,2,2
2.978955477556539,6.818733583064287,10.68777170956555,10.384516427164627,21.530393820573035,13.867390326084548,-20.934172814978105,2,2,2
2.974031865892787,7.468458739752305,9.527176455977044,10.550836291353578,-20.977136801045518,-14.31022240717331,-20.62979134619962,2,2,2
3.0783348360971803,6.893560595789389,11.01795069273819,12.034666877765222,-23.77497647883891,-16.08778550161954,-23.662427706850792,2,2,2
2.8419089439258127,6.683643692754554,8.977003667384073,8.532316102116052,17.32852529089567,11.894897093130158,-17.666514766308456,2,2,2
2.8544843739874657,6.8278851385336266,9.38348661364472,9.912356674445228,-19.68810589481931,13.326305578633509,19.736130659583953,2,2,2
2.87365499364716,6.300474231996854,9.67724799523667,9.846696301266341,20.56346790575706,13.576434500185012,19.611359012638133,2,2,2
3.000824448365073,7.158544095230318,9.879748698989204,10.59098202411241,20.856064024231813,-14.204017568595946,-21.272913598216995,2,2,2
3.028739878683174,7.011664330369955,10.364241480302017,10.486490393168369,-21.069820579640655,14.896579546258815,-21.05516916883973,2,2,2
3.0784537700229384,7.710184422122404,9.590207007230424,10.827363005831272,-21.27270566760146,-14.723548201444034,-21.12520209813602,2,2,2
2.984007079876667,7.001219580919958,9.700414846057619,10.05972168669126,-20.348199949567576,-14.119567839285596,19.975712017904222,2,2,2
3.042577389656313,8.517215407177474,10.387212268423049,10.336373000356733,20.994425129724434,14.679214536733937,20.76224874682482,2,2,2
3.0399209113873256,7.713675343964161,11.64737103046959,10.42382654320399,21.553214179354153,-14.387412611052197,-21.68693605821605,2,2,2
2.18799285695797,4.857000635149289,7.2330172624351565,7.643135424288197,15.555239482553786,10.207554811723766,-15.10717783861397,2,2,2
3.0605963115481494,6.755443244500766,10.552236961465448,10.460971439295873,20.974932735991676,13.862674502662385,21.706267724857042,2,2,2
2.7114745762056107,6.393361263071142,8.913001497281618,8.872206041188859,17.87664983149669,12.118085931248022,17.96241354430846,2,2,2
2.9873458693561794,7.25899193695768,9.619652763183817,10.009986245088408,21.021247983299563,-14.51867267014816,19.825686291226514,2,2,2
2.8669082212312085,7.759545082748039,9.432657892772845,9.451734063234758,18.947010970684175,13.78133662442549,-19.225838029231124,2,2,2
3.1110240844484762,8.026483542373384,10.75943028860849,11.354877988438453,22.41209322525874,-16.81210853855882,-24.18738475589603,2,2,2
2.9184734840238566,6.247971994935409,9.44900003954312,9.885393070875692,19.580894073127563,13.10404174719042,20.009037966822838,2,2,2
2.4680682240233445,5.102092669286128,8.686260578489284,8.813582435264982,17.673437301158913,11.567362147912487,-17.76396900235508,2,2,2
3.0023571179422723,7.547419926728389,9.321253056086048,11.412014347750288,21.89838761816669,-15.556659354530966,-21.965031954415206,2,2,2
3.118844498231561,7.543674409027466,10.311439433865221,11.130028149547236,21.86313127026402,14.905254201679888,22.479121268486605,2,2,2
2.89137900901747,6.134711160652071,8.921541497140288,9.321714117404307,18.443366595030234,12.392049231952955,-20.41564371944623,2,2,2
2.584438527307421,5.559559685460637,8.080126206072578,8.503528699617723,16.80504003700745,11.410658727113583,-17.47553245712737,2,2,2
2.9485762739900134,6.772711099233573,10.370329133788397,9.819404856198988,19.96102852755895,13.207101510847398,20.270686202631133,2,2,2
2.9149759056021605,7.159643792892011,9.674964476701698,10.750490950494939,-21.417952026275394,14.49760482332433,-20.991762953454884,2,2,2
2.813189333697369,6.304122137950003,9.493001629229736,10.587565674755728,20.638795702632475,-13.750546788366032,21.28204149801281,2,2,2
2.875331675700356,6.8941377390355765,9.536156258281714,9.338504782360525,18.838390041735185,12.789867942386882,19.0766093872782,2,2,2
2.943535675621968,6.413651777131479,9.616029571639244,10.28726621934953,-21.290546486017863,13.577400209794614,-20.240632842823064,2,2,2
3.0565726514851743,6.669851548713267,10.33769016026917,10.686189358295701,21.631466726723005,14.220465299104749,-21.229855397555216,2,2,2
3.029521393256504,7.01397677983423,9.547117215994446,10.846433229078482,21.155212538857434,15.738969206020885,21.24056888551679,2,2,2
3.0211581889464805,7.54783363288231,10.822509633417454,10.397041170159772,21.07187157613796,14.567094922962728,-21.30026940698969,2,2,2
2.8952277007117035,6.251402500815463,8.983442572705506,9.170223688219039,18.250373995715755,12.295925597529346,19.156706128556934,2,2,2
2.559566344764671,5.3393579345500815,9.125642643583173,8.974580616014931,18.230114708865216,-12.740341301037203,18.13141909642249,2,2,2
2.746743666425123,6.133013262740614,8.4186605581,8.42813680127139,16.858981400758786,11.538650881845331,17.587665783395327,2,2,2
3.061938980517328,7.085082525157531,12.354153537747962,10.747935332741386,22.37661240453212,14.294626521558508,22.559995825563217,2,2,2
3.036478784611298,7.881949159670473,9.459751811804464,10.461949110347778,20.435829136641424,14.411463027592045,21.040193972687057,2,2,2
3.0506931472210965,7.178799211290176,9.611480164427608,10.044074967968431,19.90506522930297,13.639483298171646,20.295972359077297,2,2,2
3.0373519279634618,8.38644868875408,10.807706465618526,10.437774306469159,21.09355042002361,-15.394784648560133,21.485708399925,2,2,2
3.047095759638513,7.926993803960392,12.271222639993203,10.593542285800373,22.824012536132457,-14.660864657096006,22.031498403355656,2,2,2
2.984465641588062,6.6179507370659705,9.293327835518623,9.835104089359058,19.40184436229462,13.144258003720372,-20.367886754526257,2,2,2
3.090426273129162,7.174106135654752,10.035209913944756,10.678866447222433,21.036072540991462,14.321023716175718,22.591822709504903,2,2,2
2.830096569943954,6.775933761497759,9.908240182036751,9.360115563950519,19.015875405576857,12.756404019482156,-19.50632668277555,2,2,2
2.9766891569446003,6.888381006285588,9.61792902318168,10.060175570216815,20.920601689134763,-14.279977723675584,-19.90120475485178,2,2,2
2.953911772092342,6.3226241163034045,9.763811846985417,10.223683421315478,20.36706551581943,13.409005667947758,20.36883017571714,2,2,2
2.793632697875509,6.118269914905018,9.122102080230981,9.083392792739126,18.207541225005738,12.1717540591616,18.699913018834064,2,2,2
3.0747152795354005,7.310319419705466,10.38004569413776,10.829813258467164,-21.74706038288217,15.579608361390708,21.493576278067735,2,2,2
3.0671228315236783,7.116842057083564,9.765096104264176,9.994789686488845,19.882022275405255,13.576318832953556,-20.615389753417414,2,2,2
2.8305837535268097,6.83996545975621,9.754852179217899,10.16335631914429,-20.58646451273843,13.81627256379333,20.149733641959102,2,2,2
2.919746689850639,6.261260551608654,9.661004954286032,9.594536309949156,19.237122598612938,12.725486256648631,-19.812689359972506,2,2,2
3.050030847408144,6.954676662900316,10.112190655866296,10.597230807136528,20.95374761879963,14.122979480617106,21.992852548473465,2,2,2
3.0599833911803063,8.474538020373473,11.171084647559516,11.352536997381879,22.714684383360016,16.224853755343442,-22.830235247124026,2,2,2
3.0614543253970843,8.131000128165608,10.989571433798721,11.836912088695136,23.47628359513935,15.970906820626443,23.344692214665997,2,2,2
2.837857818322258,6.435486447942242,9.632974508672602,9.603187593325405,19.244740529302597,12.83717956600117,-19.71600205720882,2,2,2
2.9370284894295255,6.432752789378004,9.652744485826373,9.99692719906376,19.823061276682658,13.214220158454616,-20.934112302549195,2,2,2
3.07916283218545,8.094834959938296,9.596129919594993,10.375731062299483,20.370355855540975,14.798775253799143,-21.064753986766583,2,2,2
3.0296451673969775,6.456465240269384,10.73379530025744,10.815130291333755,21.58996460535957,14.043707630050443,22.973164885511128,2,2,2
2.8721701449899433,7.8984740549404036,10.219139656344364,10.497556774183886,-20.90032116391943,14.57337967418695,21.22234124462253,2,2,2
2.901254623450979,6.0319272166522255,10.22151137688151,11.054207274159989,21.71626584761487,14.301689197695685,-22.180530065921793,2,2,2
2.295057941242653,4.852567936592491,8.268156093592108,8.77365197492335,17.314859514938206,11.217132397061132,-17.819220309152342,2,2,2
3.072930822243784,7.5093581233257884,11.712826804321455,10.964626650934036,22.829625923574373,14.815418478886448,22.32349988434658,2,2,2
2.991796992128617,6.724223556591698,9.131963688347795,9.695174802621008,19.114229449161105,13.070554283076618,19.91025393968184,2,2,2
3.0601061967892735,6.895916868597275,10.013364893920276,10.592230437837777,20.896436960257255,14.04022617382181,-21.98967586589549,2,2,2
2.3914776953512336,7.397653120543625,10.803145522967847,7.963693237870369,17.34792688584786,-11.776080768447674,-18.56051321653308,2,2,2
2.8329638200619582,7.676815146585086,10.34431836168236,9.263802410073406,-19.081653471984996,-13.143500918154311,19.67330602211048,2,2,2
3.0351189611296845,7.868412474581316,10.570214709851484,10.443377326032481,-21.12680679711808,15.616544558591094,21.077376812906813,2,2,2
3.0574678372570623,7.989243822539942,11.165782942354953,10.930011263937109,-22.121753699587888,-14.943333927095457,-22.135304385879508,2,2,2
2.6275302159049323,6.892355267525897,8.325573699333967,8.53628303508635,17.032297627669383,-12.046557504666026,17.260574883522374,2,2,2
2.8963837727542048,7.857239232432111,10.650407584767411,9.841697119364008,20.33224865574158,14.463098492751701,20.17288563547259,2,2,2
2.992138832189531,7.475172247530537,10.548721556537004,10.165765140279886,20.532654501495585,-14.855864539556569,21.204016878367284,2,2,2
2.964504757814316,6.557032676851907,9.853382070840244,10.28267586370001,21.6140086651309,13.914525344020017,20.35135166558442,2,2,2
3.0952709319942335,7.5369835551290265,10.681884029625538,10.756134396888736,21.69528623698792,14.527710798896415,-21.573019238200978,2,2,2
3.0327357312067638,7.567375268298069,11.901923758192366,10.399695876026598,-22.953436226691448,14.183918118687757,-21.550845499071468,2,2,2
3.087995712376911,7.18940671764772,10.065883603477127,11.283981516758434,-22.056692053691027,15.145400452362058,-22.17922827912676,2,2,2
2.842948567947461,5.904397682713251,9.378252311431007,9.422158234550361,18.82309130588308,12.374375286635505,20.06009893103005,2,2,2
2.926978124301192,6.176527379767988,9.249629777805577,9.762550859387732,19.285333215192843,12.877558776625419,19.834056221862266,2,2,2
3.027816765456234,7.933812697596308,11.01757456951456,10.789541324296207,-21.705110880221085,-14.92976198084163,-22.327653908079647,2,2,2
3.11955871090366,9.209228616424458,10.438833622393185,11.051809330213805,-21.82499986265016,15.819920828237958,-22.256732321853825,2,2,2
2.8950273848911263,6.756196957045557,9.20395386829945,9.2617183012996,18.49517540217751,12.647682626916518,-19.766690555256048,2,2,2
2.823399759651274,5.909603466580404,8.72314520053657,9.02455141978054,17.917239130067543,12.015467909917668,18.438594953639267,2,2,2
3.0273414797817595,7.380067625066412,10.856248660473215,10.337300012824143,-21.341940914880755,-14.43516866981696,20.97009431996363,2,2,2
3.0498375732942153,7.690288068388136,11.11280830763834,10.599976911311089,-21.556273313321206,14.480623544518194,-21.672995818769973,2,2,2
3.006388975668032,7.071529044240975,9.248132465404224,9.796971521288974,19.329356767984752,13.335851343285464,19.99645013122152,2,2,2
3.072569420369788,7.951542632595754,10.720638892834213,11.50211969143165,22.96522311454238,-15.477892892738462,-22.661397767194206,2,2,2
3.107466053247294,7.574920700260302,11.309257540079482,12.555243357818133,24.771242178021826,16.483114125654485,-24.556040969704735,2,2,2
3.131706788029903,8.264529848092003,10.930731071831161,11.220985731114208,22.306936528769032,-15.514005345441555,22.968250573658626,2,2,2
2.6681980426740384,5.993970482539818,8.830955281278637,9.047565836346061,-18.1870554429667,12.675303966286037,-18.09691544504363,2,2,2
2.9951457601393057,7.597777795900277,11.26829566246808,10.322668254967112,-21.144744566709452,-14.647105089967772,-21.58729413345608,2,2,2
2.891307946718721,6.37539814433066,10.038314811484982,9.479888210786337,19.260211882441112,12.668412451381064,19.754496749348096,2,2,2
3.011668261562744,6.321722123798964,10.25326407585309,10.614561221577256,21.058896363466204,13.799072539992013,-21.713055609222913,2,2,2
2.4785646741128673,5.896967677215268,8.445276502910763,8.240069559290758,-16.582921142212598,-12.405565461208512,18.12532687598371,2,2,2
2.944973236948497,6.485479677069615,9.28807412238704,9.885368134257986,20.408652981943938,15.290403327210255,-19.47501713030834,2,2,2
3.0007213762662848,6.828830177704925,10.734388563258719,10.976434268691255,21.832160752409226,14.392712898517013,23.251176276685378,2,2,2
2.8451051200938453,7.854703539139151,10.146590197819801,10.417180875755053,23.200192637283415,15.408192139620857,-20.69906857257466,2,2,2
2.8786617043532736,6.40272292105072,9.180621622883612,9.526843831385271,18.88060972714456,12.72867346580474,-20.788606545451973,2,2,2
2.9529841283853284,6.8356490788997535,10.96084080921383,10.16169269265214,20.725692603876524,13.859793945408091,21.674369176642436,2,2,2
2.917145535615874,6.921935584500159,9.361497589960903,9.956531538527308,-19.78958764147927,-13.424177826197495,-19.744836177046324,2,2,2
2.9465653297907703,6.903485450735102,10.338598920796608,10.2648139421742,-20.750592079644544,-13.7182069390586,20.687976933574834,2,2,2
2.7843988577384953,8.96083955021486,9.49708626656341,9.8059090441685,19.458368062279867,-14.659889905111262,-20.63482071418321,2,2,2
3.0845784333674096,8.291165754432052,10.630352525617585,10.539805426903806,21.299580478834102,15.895826725105545,21.25364329127584,2,2,2
2.694542225458701,6.313663910357858,9.51884019861317,9.51174264289071,-19.02719271521752,-12.824113166577707,-20.59526834215642,2,2,2
3.0157670723167658,7.348993905359319,10.118779229170665,10.122879114759074,20.24400001241708,14.304192828078344,21.67974389212567,2,2,2
3.0095733120898074,7.578866186166508,11.065971357066365,10.256712240309914,-21.669963243623915,14.048346776139605,20.924969691753972,2,2,2
2.9985589280472564,6.271384185354302,10.088429731008533,11.113722402596316,-21.93956363855537,-14.372983901881062,-21.81008504244794,2,2,2
2.9472336822447147,6.558022176224219,9.589148282679423,10.575492067287039,-21.027838410343374,-13.867519578577028,20.701421828578226,2,2,2
2.9817687582666212,8.894871669644688,9.33534207803763,10.976065526832627,21.137174056626396,15.556097644509535,-21.93645632289372,2,2,2
2.9758611653220575,7.281863305192428,11.217272929568182,10.277526739677912,21.269957672334353,14.87319578078642,-21.10980786179785,2,2,2
3.05697506133102,6.947737630491809,12.002706016613976,10.528665241688318,22.16753218932885,14.002886189033266,21.83726488472304,2,2,2
3.0119598567195704,6.701037058147093,9.780286844585913,9.931807985243942,19.802459863721936,13.355090647590199,20.38125105944092,2,2,2
2.874735339371711,6.314987807125306,9.313578347124796,9.319072915239778,18.653307018697618,12.476847373956998,19.186139135225204,2,2,2
3.035261638839485,7.585910585705836,10.4020523030485,10.653160085523092,-21.341152600598402,-14.540146382643382,-21.3218392498232,2,2,2
2.957202781120681,7.3395994398702165,9.770936247995946,10.547052913772259,-20.835463252102574,-14.367103417835517,20.879934685074893,2,2,2
2.9539387614540966,6.90696166785492,10.10928691833247,9.888030636507251,19.944223843662176,13.593300823689756,20.203235081030567,2,2,2
2.9753403874527886,7.678700948553555,10.211662790466281,10.18700510111866,-20.516482407638605,-14.464552200588946,20.559336585690733,2,2,2
2.841103336174146,7.708810128649966,9.755998686069912,9.794189867337895,-19.66345831458464,-13.670078680565723,19.796083385575148,2,2,2
2.746176075256043,6.270697076388241,8.727773285384412,8.648248488437746,17.3429336436112,11.808839261222772,18.09576329056176,2,2,2
2.9749125948003012,6.5303001427416465,9.398285420109069,10.181475894006077,-20.272693543048376,-13.851470195468366,-20.033723683560577,2,2,2
2.9404173288630164,7.371421227973608,9.716801255163398,9.776721083100703,-19.530037541987078,13.617165295981309,20.286832862421484,2,2,2
2.9753801189217857,6.866905417560494,9.958038169919408,10.941584618217348,-22.01562308689297,-14.375232925208177,21.404010019277266,2,2,2
2.9695054137822723,8.081796925140548,10.752881618158826,10.621859959480394,-21.43414188682204,16.14796051001378,21.488777205173275,2,2,2
2.897194514531856,6.300016813156851,9.10215879243809,8.93204838433603,17.950054548581488,12.09211783089495,-19.14023840552179,2,2,2
2.8838629030235827,6.136907918313467,8.977867106765471,9.030596280740651,18.035476237243977,12.100938093993497,-19.297653649191524,2,2,2
2.9381497721624603,7.637170968958444,11.292658193666297,9.880882670483564,20.470602180233865,-13.704761565073829,-21.402660014159142,2,2,2
2.9376700690830675,7.853355214828258,10.973231169495847,10.041060284152227,21.52809156286347,-14.335523428236224,-20.550601401735715,2,2,2
2.7475765897874598,5.934415783690033,8.53939219048965,8.605163502718666,17.184090360973393,11.580708648822107,17.937755983079477,2,2,2
2.9609935249061747,7.091036132198009,9.676010087869749,10.216824839998681,-20.57212173352478,-13.870894259861549,20.199080026684012,2,2,2
2.445417509783882,5.032028362265011,8.52863266445464,8.625126295660552,17.229835274972178,11.200519801409083,-17.661896398463362,2,2,2
3.0267279534724647,6.796359986643925,10.20337760013032,10.984319742682477,21.592487118046108,-15.702329536190806,-22.175713698176082,2,2,2
2.7137275860326273,6.751634578009306,9.965469015212673,9.06220937102729,-18.5894228568554,-12.43816779526621,-19.187943135152608,2,2,2
2.6238237166617435,7.022430839537339,9.446784321747257,8.94386550622798,19.24282970910475,12.477198062837276,18.14054195295163,2,2,2
3.052281638972217,6.969440762906868,10.16984119360818,10.558575543394578,20.93783401993632,14.04664015422602,21.509872847619786,2,2,2
2.915123862592583,7.040579574095644,10.23209825156621,9.92373521234276,-20.00244136423257,-13.492341396077494,21.22176963504239,2,2,2
2.991179635043889,7.221403231869524,10.086212586005365,10.701777721901015,-21.303708995497555,14.920571940969342,-21.200919125402155,2,2,2
2.832527557107036,5.889169151173806,9.123186386089348,9.183100537888183,18.337380598909437,12.188750115685714,19.477385568122866,2,2,2
2.9085243515297203,6.472689560578617,8.703770329471041,9.082816285517396,17.976125443393137,12.319697353645154,-20.044474810199667,2,2,2
2.90480097726001,8.186789182091417,11.210820421776749,11.237377329914867,-22.83956677689452,15.82433141019839,-22.503332114658264,2,2,2
3.156789975548983,7.248777329316734,11.008311044893993,12.358359852192146,-24.494574704152992,-17.118499058476953,-24.07050060863702,2,2,2
2.935817901286439,6.315188716396163,9.177033811983787,9.42595918957863,18.727755381382185,12.602819849126524,-20.157645808086176,2,2,2
2.775275152535057,6.110782907729221,9.285883706255259,9.53571973221183,19.094542105092582,12.77418195576368,19.099559778957612,2,2,2
3.0024292141360793,7.650382597708769,9.914755217485327,10.208480530764902,-20.271346287018634,-14.494825387959699,21.39101240729425,2,2,2
2.7927795109353633,5.705142415320591,11.161114730519314,12.072823210870721,-23.798941004522135,16.03468248243742,-23.891452278868808,2,2,2
2.9321199990476905,6.621536600839564,9.311622915075665,9.653967802439622,19.25958239198427,12.968556131270798,19.319029967638397,2,2,2
3.072613867629782,7.199786027528386,9.714100171222396,10.94741878198155,21.3036431069392,14.548581292404558,21.75619287062419,2,2,2
3.0631966164858424,7.1917337331732565,11.300044235583133,10.36238449182159,21.56496379512969,13.973532445336215,21.23691179502041,2,2,2
2.876614144744082,7.098297075731292,9.596074337347396,9.314075239468856,18.80261659862645,12.867917679692837,19.191739996759974,2,2,2
2.9296543501207113,6.572426850391027,9.681208054627882,9.93592403982823,-20.388621247190112,-13.899897736464885,-19.755969531439217,2,2,2
2.9316459163326183,6.790976997855065,9.195213817806929,9.58864812079401,19.025358370452754,13.081399239743694,19.34542271052455,2,2,2
3.026158494213828,7.277630077445017,10.004227979557694,10.07797942303223,20.121992583556292,13.78807983560228,-21.05700724487711,2,2,2
2.6642273555124896,5.87703607092893,8.793081658046441,9.521268395155662,18.68317444792186,-13.223848534457208,19.51170412277371,2,2,2
3.0654683559087936,7.179754741725331,10.909860363578533,10.703802474881716,22.121941093893152,-14.469431574562197,-21.524045552756878,2,2,2
3.0082532225722742,7.24339419586588,10.40442906223307,10.443329865882768,20.873096513870674,14.136081851154357,-21.653569613359824,2,2,2
2.8544644979438596,6.97958008159556,9.408398134959867,9.69935595785413,19.253437194836447,13.249796365981197,20.76669439444653,2,2,2
2.7385198388565652,5.649939737866175,8.636928275066454,8.762020879915635,17.464509903753804,11.595555523294458,18.39177431555869,2,2,2
2.7347885349627656,6.2781641835211905,9.918154878304582,9.548331269685391,19.5305350751143,-13.95045480981197,19.364600936282603,2,2,2
3.0627136877630594,8.523051607587114,9.62403995555319,10.692432503221674,20.852110978346317,14.983508710566088,21.9402469320174,2,2,2
3.03095237908504,6.514602129497976,9.861155386102416,10.604518188016645,20.984542598039955,14.15279761269796,20.991249127172317,2,2,2
2.8832953404811987,7.049738123458259,9.993963815451165,9.787816144565852,19.706628247270345,13.372118611321874,20.137920548653234,2,2,2
3.087421900033311,8.0438592208043,11.309507350626102,11.806133309987754,-23.723705035142896,15.835816538710295,-23.409915970249525,2,2,2
2.9694665541440854,8.221606870068337,9.01502369923942,9.991821292609917,19.498052340068853,14.150206351116172,-20.44078250880397,2,2,2
3.0877933285513546,7.85173690389914,11.355117822497329,10.571827321130408,-22.163550072062733,14.869824798612118,-21.547675623571983,2,2,2
2.988768036672128,8.123942165323355,10.926953771602763,11.049007048726837,22.346398032047293,15.776842409527237,-22.096733659326485,2,2,2
2.9108161559070607,7.844471386391953,9.449249832818724,9.907669644180505,19.817227777636848,-13.838724575606344,-19.67800454931462,2,2,2
2.920224677668618,6.746442473864248,9.27638131833242,9.080370486143243,18.27514833305069,12.46515090873561,18.82782522887168,2,2,2
2.8305570995353153,7.096231226551661,10.253989897176252,9.127329717211301,19.160036485300804,-12.82785961867113,-18.868344543554013,2,2,2
2.7603020485826297,5.735283316229233,11.337228511943158,11.77306472573146,23.896047708485582,-14.744211388112936,-23.34471095188451,2,2,2
2.2835278595566986,4.68197424260737,7.267911078818671,7.213908722866733,14.455778769931783,9.559721177274698,-15.632506988974828,2,2,2
3.0698459754116345,7.097967694742291,10.554670948266669,10.806668385816115,21.71750034696407,14.355653827408139,21.57970787712458,2,2,2
3.066539044525199,9.111594498827385,11.268773523942626,11.219723547466057,-22.464011895543138,-16.122691289840745,24.332290250278653,2,2,2
2.9929251826465437,7.4254508990163695,10.835877228548009,10.647893262396453,-21.427890934636373,-14.723451306649372,-21.786399920735665,2,2,2
2.865247310351894,6.97745093478648,9.402305425167635,9.098245249134278,18.397311375189517,12.587024540016948,-18.69666762720417,2,2,2
2.9819860264546927,7.391621017561912,9.930435899779319,10.062544275158096,-22.293073131365208,13.769311948603475,20.05904175325285,2,2,2
3.0286326849694296,6.691266112138596,10.24608061401861,10.37141538906543,20.938243598310706,13.889299481056067,-20.759070073694538,2,2,2
2.740766860445128,5.613696385622101,9.083996605486433,9.535830576361736,18.890646568857537,12.582673689650258,19.21005100126104,2,2,2
2.8123954328297733,6.986080615131428,9.075510635259043,9.68593833299734,19.50873356776112,-13.263984045390549,19.097046639785095,2,2,2
2.9336996563629003,6.636234893290966,9.8366378979833,9.998758743146253,20.816154667709185,13.331653137979075,19.919931052881473,2,2,2
2.999439270977852,7.828297947579151,10.239796515128864,10.405929522273166,-21.52479340521136,-15.46881550611316,20.73442072900306,2,2,2
2.9313741746944126,6.746059590570541,9.40298869729728,10.361492055806458,21.028192840388197,-14.03219812018301,20.249672065022512,2,2,2
3.003332142979244,6.637228132759783,10.588094288196908,10.651250932836597,22.264671877647398,-14.136877055928162,-21.273170020551664,2,2,2
2.958944795156249,6.686481773131629,9.911927538545173,10.168877859845672,20.23777623680975,13.62563294338946,20.664360272846878,2,2,2
